{"stats":{"minecraft:picked_up":{"minecraft:stick":1,"minecraft:tnt":11,"minecraft:lilac":5,"minecraft:apple":1,"minecraft:wheat_seeds":2,"minecraft:oak_sapling":1,"minecraft:dirt":157,"minecraft:cobblestone":42},"minecraft:custom":{"minecraft:time_since_rest":14463,"minecraft:crouch_one_cm":1108,"minecraft:play_time":16225,"minecraft:sprint_one_cm":11155,"minecraft:walk_one_cm":24071,"minecraft:damage_taken":770,"minecraft:deaths":2,"minecraft:sneak_time":824,"minecraft:walk_under_water_one_cm":800,"minecraft:jump":246,"minecraft:damage_dealt":86,"minecraft:time_since_death":14417,"minecraft:walk_on_water_one_cm":2665,"minecraft:total_world_time":16225,"minecraft:swim_one_cm":1956,"minecraft:fall_one_cm":9121,"minecraft:fly_one_cm":48994},"minecraft:mined":{"minecraft:dirt":7,"minecraft:tnt":4},"minecraft:killed_by":{"minecraft:player":1,"minecraft:drowned":1},"minecraft:used":{"minecraft:dirt":41,"minecraft:cobblestone":7,"minecraft:flint_and_steel":1,"minecraft:tnt":489}},"DataVersion":3465}