{"stats":{"minecraft:crafted":{"minecraft:oak_planks":12,"minecraft:birch_planks":12,"minecraft:stone_axe":2,"minecraft:crafting_table":2,"minecraft:stick":16,"minecraft:wooden_pickaxe":2,"minecraft:stone_pickaxe":2},"minecraft:killed_by":{"minecraft:skeleton":1},"minecraft:picked_up":{"minecraft:birch_log":3,"minecraft:crafting_table":2,"minecraft:oak_log":3,"minecraft:dirt":49,"minecraft:dark_oak_log":18,"minecraft:cobblestone":52},"minecraft:used":{"minecraft:stone_axe":32,"minecraft:flint_and_steel":12,"minecraft:tnt":20,"minecraft:crafting_table":2,"minecraft:stone_pickaxe":32,"minecraft:wooden_pickaxe":21},"minecraft:killed":{"minecraft:zombie":1},"minecraft:mined":{"minecraft:oak_log":3,"minecraft:dirt":1,"minecraft:dark_oak_leaves":7,"minecraft:birch_log":3,"minecraft:dark_oak_log":18,"minecraft:stone":52,"minecraft:oak_leaves":3,"minecraft:crafting_table":2},"minecraft:custom":{"minecraft:time_since_rest":5397,"minecraft:crouch_one_cm":1508,"minecraft:sprint_one_cm":29306,"minecraft:play_time":12870,"minecraft:deaths":2,"minecraft:damage_taken":575,"minecraft:walk_one_cm":21416,"minecraft:sneak_time":483,"minecraft:mob_kills":2,"minecraft:jump":310,"minecraft:damage_dealt":515,"minecraft:leave_game":2,"minecraft:time_since_death":5369,"minecraft:total_world_time":12870,"minecraft:player_kills":1,"minecraft:interact_with_crafting_table":7,"minecraft:fall_one_cm":14879,"minecraft:fly_one_cm":81993}},"DataVersion":3465}