{"stats":{"minecraft:picked_up":{"minecraft:birch_log":5,"minecraft:stick":4,"minecraft:crafting_table":2,"minecraft:sand":2,"minecraft:oak_log":16,"minecraft:dirt":151,"minecraft:tnt":3,"minecraft:apple":1,"minecraft:wheat_seeds":1,"minecraft:oak_sapling":2,"minecraft:cobblestone":83},"minecraft:crafted":{"minecraft:oak_planks":20,"minecraft:crafting_table":2,"minecraft:stick":12,"minecraft:wooden_pickaxe":1,"minecraft:stone_pickaxe":2,"minecraft:oak_button":1,"minecraft:birch_planks":20,"minecraft:stone_axe":2},"minecraft:dropped":{"minecraft:wheat_seeds":1},"minecraft:custom":{"minecraft:time_since_rest":23199,"minecraft:sprint_one_cm":22610,"minecraft:damage_taken":455,"minecraft:walk_one_cm":26520,"minecraft:mob_kills":22,"minecraft:drop":1,"minecraft:damage_dealt":10,"minecraft:swim_one_cm":1294,"minecraft:interact_with_crafting_table":4,"minecraft:fly_one_cm":83951,"minecraft:player_kills":1,"minecraft:crouch_one_cm":3448,"minecraft:play_time":30325,"minecraft:deaths":1,"minecraft:sneak_time":1579,"minecraft:walk_under_water_one_cm":2004,"minecraft:jump":345,"minecraft:leave_game":1,"minecraft:walk_on_water_one_cm":1056,"minecraft:time_since_death":23172,"minecraft:total_world_time":30325,"minecraft:fall_one_cm":7989},"minecraft:mined":{"minecraft:birch_log":5,"minecraft:fire":1,"minecraft:birch_leaves":1,"minecraft:tnt":6,"minecraft:crafting_table":2,"minecraft:grass":1,"minecraft:grass_block":3,"minecraft:oak_log":6,"minecraft:dirt":3,"minecraft:stone":28},"minecraft:killed_by":{"minecraft:skeleton":1},"minecraft:used":{"minecraft:apple":1,"minecraft:flint_and_steel":11,"minecraft:stone_pickaxe":22,"minecraft:oak_button":1,"minecraft:wooden_pickaxe":10,"minecraft:stone_axe":9,"minecraft:dirt":54,"minecraft:tnt":1374,"minecraft:crafting_table":2},"minecraft:killed":{"minecraft:skeleton":2,"minecraft:pig":1,"minecraft:zombie":1,"minecraft:salmon":13,"minecraft:drowned":1,"minecraft:creeper":2,"minecraft:squid":1,"minecraft:cow":1}},"DataVersion":3465}