{"stats":{"minecraft:mined":{"minecraft:dark_oak_leaves":7,"minecraft:birch_log":3,"minecraft:dark_oak_log":18,"minecraft:crafting_table":2,"minecraft:oak_log":3,"minecraft:dirt":1,"minecraft:stone":52,"minecraft:oak_leaves":3},"minecraft:killed":{"minecraft:sheep":1,"minecraft:zombie":1,"minecraft:chicken":2,"minecraft:spider":1},"minecraft:custom":{"minecraft:time_since_rest":8462,"minecraft:sprint_one_cm":29387,"minecraft:damage_taken":575,"minecraft:walk_one_cm":21515,"minecraft:mob_kills":6,"minecraft:damage_dealt":545,"minecraft:interact_with_crafting_table":7,"minecraft:fly_one_cm":134742,"minecraft:player_kills":1,"minecraft:crouch_one_cm":1546,"minecraft:play_time":15935,"minecraft:deaths":2,"minecraft:sneak_time":583,"minecraft:jump":312,"minecraft:leave_game":2,"minecraft:time_since_death":8434,"minecraft:total_world_time":15935,"minecraft:fall_one_cm":14879},"minecraft:killed_by":{"minecraft:skeleton":1},"minecraft:picked_up":{"minecraft:birch_log":3,"minecraft:crafting_table":2,"minecraft:oak_log":3,"minecraft:dirt":49,"minecraft:dark_oak_log":18,"minecraft:cobblestone":52},"minecraft:used":{"minecraft:flint_and_steel":15,"minecraft:stone_pickaxe":32,"minecraft:wooden_pickaxe":21,"minecraft:stone_axe":32,"minecraft:tnt":25,"minecraft:crafting_table":2},"minecraft:crafted":{"minecraft:oak_planks":12,"minecraft:crafting_table":2,"minecraft:stick":16,"minecraft:wooden_pickaxe":2,"minecraft:stone_pickaxe":2,"minecraft:birch_planks":12,"minecraft:stone_axe":2}},"DataVersion":3465}