{"stats":{"minecraft:picked_up":{"minecraft:oak_log":6,"minecraft:oak_sapling":1,"minecraft:dirt":24,"minecraft:blue_bed":1,"minecraft:cobblestone":12},"minecraft:mined":{"minecraft:grass_block":8,"minecraft:oak_log":5,"minecraft:glass_pane":1,"minecraft:cobblestone":7,"minecraft:stone":5,"minecraft:oak_leaves":4,"minecraft:blue_bed":1},"minecraft:killed":{"minecraft:cat":1,"minecraft:wolf":1},"minecraft:custom":{"minecraft:time_since_rest":4841,"minecraft:open_chest":1,"minecraft:crouch_one_cm":780,"minecraft:play_time":4841,"minecraft:sprint_one_cm":2095,"minecraft:damage_taken":20,"minecraft:walk_one_cm":7173,"minecraft:sneak_time":597,"minecraft:mob_kills":2,"minecraft:jump":32,"minecraft:leave_game":1,"minecraft:time_since_death":4841,"minecraft:total_world_time":4841,"minecraft:interact_with_crafting_table":2,"minecraft:fall_one_cm":962,"minecraft:fly_one_cm":16509},"minecraft:used":{"minecraft:flint_and_steel":7,"minecraft:tnt":222,"minecraft:stone_shovel":8,"minecraft:stone_pickaxe":5,"minecraft:wooden_pickaxe":9},"minecraft:crafted":{"minecraft:oak_planks":20,"minecraft:stone_shovel":1,"minecraft:crafting_table":1,"minecraft:stick":8,"minecraft:stone_pickaxe":1,"minecraft:wooden_pickaxe":1}},"DataVersion":2975}