{"stats":{"minecraft:crafted":{"minecraft:dark_oak_planks":24,"minecraft:stone_axe":1,"minecraft:crafting_table":1,"minecraft:stick":8,"minecraft:wooden_pickaxe":1,"minecraft:stone_pickaxe":1,"minecraft:wooden_axe":1},"minecraft:killed_by":{"minecraft:player":1},"minecraft:dropped":{"minecraft:wooden_pickaxe":1},"minecraft:picked_up":{"minecraft:dark_oak_sapling":1,"minecraft:crafting_table":1,"minecraft:apple":1,"minecraft:wooden_pickaxe":1,"minecraft:dark_oak_log":6,"minecraft:cobblestone":11},"minecraft:used":{"minecraft:wooden_axe":1,"minecraft:apple":1,"minecraft:flint_and_steel":1,"minecraft:tnt":103,"minecraft:crafting_table":2,"minecraft:wooden_pickaxe":11},"minecraft:killed":{"minecraft:skeleton":2,"minecraft:zombie":6,"minecraft:witch":1,"minecraft:chicken":2,"minecraft:creeper":1},"minecraft:mined":{"minecraft:dark_oak_leaves":10,"minecraft:stone":11,"minecraft:dark_oak_log":6,"minecraft:crafting_table":1},"minecraft:custom":{"minecraft:time_since_rest":2960,"minecraft:crouch_one_cm":109,"minecraft:play_time":9733,"minecraft:sprint_one_cm":24112,"minecraft:deaths":1,"minecraft:damage_taken":300,"minecraft:walk_one_cm":12545,"minecraft:sneak_time":265,"minecraft:mob_kills":12,"minecraft:drop":1,"minecraft:jump":203,"minecraft:time_since_death":2929,"minecraft:total_world_time":9733,"minecraft:fall_one_cm":6008,"minecraft:interact_with_crafting_table":2,"minecraft:fly_one_cm":111211}},"DataVersion":3465}